"LOCATION","Country","TRANSACT","Transaction","MEASURE","Measure","TIME","Year","Unit Code","Unit","PowerCode Code","PowerCode","Reference Period Code","Reference Period","Value","Flag Codes","Flags"
"IND","India","PPPGDP","Purchasing Power Parities for GDP","CD","National currency per US dollar","1999","1999","INR","Indian Rupee","0","Units",,,10.205535,,
"IND","India","PPPGDP","Purchasing Power Parities for GDP","CD","National currency per US dollar","2000","2000","INR","Indian Rupee","0","Units",,,10.342186,,
"IND","India","PPPGDP","Purchasing Power Parities for GDP","CD","National currency per US dollar","2001","2001","INR","Indian Rupee","0","Units",,,10.436904,,
"IND","India","PPPGDP","Purchasing Power Parities for GDP","CD","National currency per US dollar","2002","2002","INR","Indian Rupee","0","Units",,,10.661046,,
"IND","India","PPPGDP","Purchasing Power Parities for GDP","CD","National currency per US dollar","2003","2003","INR","Indian Rupee","0","Units",,,10.856901,,
"IND","India","PPPGDP","Purchasing Power Parities for GDP","CD","National currency per US dollar","2004","2004","INR","Indian Rupee","0","Units",,,11.171323,,
"IND","India","PPPGDP","Purchasing Power Parities for GDP","CD","National currency per US dollar","2005","2005","INR","Indian Rupee","0","Units",,,11.281641,,
"IND","India","PPPGDP","Purchasing Power Parities for GDP","CD","National currency per US dollar","2006","2006","INR","Indian Rupee","0","Units",,,11.648347,,
"IND","India","PPPGDP","Purchasing Power Parities for GDP","CD","National currency per US dollar","2007","2007","INR","Indian Rupee","0","Units",,,12.131331,,
"IND","India","PPPGDP","Purchasing Power Parities for GDP","CD","National currency per US dollar","2008","2008","INR","Indian Rupee","0","Units",,,12.928856,,
"IND","India","PPPGDP","Purchasing Power Parities for GDP","CD","National currency per US dollar","2009","2009","INR","Indian Rupee","0","Units",,,13.609484,,
"IND","India","PPPGDP","Purchasing Power Parities for GDP","CD","National currency per US dollar","2010","2010","INR","Indian Rupee","0","Units",,,14.653168,,
"IND","India","PPPGDP","Purchasing Power Parities for GDP","CD","National currency per US dollar","2011","2011","INR","Indian Rupee","0","Units",,,15.109435,,
"IND","India","PPPGDP","Purchasing Power Parities for GDP","CD","National currency per US dollar","2012","2012","INR","Indian Rupee","0","Units",,,16.001032,,
"IND","India","PPPGDP","Purchasing Power Parities for GDP","CD","National currency per US dollar","2013","2013","INR","Indian Rupee","0","Units",,,16.724728,,
"IND","India","PPPGDP","Purchasing Power Parities for GDP","CD","National currency per US dollar","2014","2014","INR","Indian Rupee","0","Units",,,16.997371,,
"IND","India","PPPGDP","Purchasing Power Parities for GDP","CD","National currency per US dollar","2015","2015","INR","Indian Rupee","0","Units",,,16.99611,,
"IND","India","PPPGDP","Purchasing Power Parities for GDP","CD","National currency per US dollar","2016","2016","INR","Indian Rupee","0","Units",,,17.536,,
"ZAF","South Africa","PPPGDP","Purchasing Power Parities for GDP","CD","National currency per US dollar","1999","1999","ZAR","Rand","0","Units",,,2.569586,,
"ZAF","South Africa","PPPGDP","Purchasing Power Parities for GDP","CD","National currency per US dollar","2000","2000","ZAR","Rand","0","Units",,,2.733416,,
"ZAF","South Africa","PPPGDP","Purchasing Power Parities for GDP","CD","National currency per US dollar","2001","2001","ZAR","Rand","0","Units",,,2.876738,,
"ZAF","South Africa","PPPGDP","Purchasing Power Parities for GDP","CD","National currency per US dollar","2002","2002","ZAR","Rand","0","Units",,,3.179053,,
"ZAF","South Africa","PPPGDP","Purchasing Power Parities for GDP","CD","National currency per US dollar","2003","2003","ZAR","Rand","0","Units",,,3.297481,,
"ZAF","South Africa","PPPGDP","Purchasing Power Parities for GDP","CD","National currency per US dollar","2004","2004","ZAR","Rand","0","Units",,,3.418707,,
"ZAF","South Africa","PPPGDP","Purchasing Power Parities for GDP","CD","National currency per US dollar","2005","2005","ZAR","Rand","0","Units",,,3.492615,,
"ZAF","South Africa","PPPGDP","Purchasing Power Parities for GDP","CD","National currency per US dollar","2006","2006","ZAR","Rand","0","Units",,,3.601111,,
"ZAF","South Africa","PPPGDP","Purchasing Power Parities for GDP","CD","National currency per US dollar","2007","2007","ZAR","Rand","0","Units",,,3.81817,,
"ZAF","South Africa","PPPGDP","Purchasing Power Parities for GDP","CD","National currency per US dollar","2008","2008","ZAR","Rand","0","Units",,,4.07543,,
"ZAF","South Africa","PPPGDP","Purchasing Power Parities for GDP","CD","National currency per US dollar","2009","2009","ZAR","Rand","0","Units",,,4.348249,,
"ZAF","South Africa","PPPGDP","Purchasing Power Parities for GDP","CD","National currency per US dollar","2010","2010","ZAR","Rand","0","Units",,,4.568608,,
"ZAF","South Africa","PPPGDP","Purchasing Power Parities for GDP","CD","National currency per US dollar","2011","2011","ZAR","Rand","0","Units",,,4.773938,,
"ZAF","South Africa","PPPGDP","Purchasing Power Parities for GDP","CD","National currency per US dollar","2012","2012","ZAR","Rand","0","Units",,,4.945981,,
"ZAF","South Africa","PPPGDP","Purchasing Power Parities for GDP","CD","National currency per US dollar","2013","2013","ZAR","Rand","0","Units",,,5.15795,,
"ZAF","South Africa","PPPGDP","Purchasing Power Parities for GDP","CD","National currency per US dollar","2014","2014","ZAR","Rand","0","Units",,,5.368691,,
"ZAF","South Africa","PPPGDP","Purchasing Power Parities for GDP","CD","National currency per US dollar","2015","2015","ZAR","Rand","0","Units",,,5.516054,,
"ZAF","South Africa","PPPGDP","Purchasing Power Parities for GDP","CD","National currency per US dollar","2016","2016","ZAR","Rand","0","Units",,,5.853,,
"CHE","Switzerland","PPPGDP","Purchasing Power Parities for GDP","CD","National currency per US dollar","1999","1999","CHF","Swiss Franc","0","Units",,,1.802836,,
"CHE","Switzerland","PPPGDP","Purchasing Power Parities for GDP","CD","National currency per US dollar","2000","2000","CHF","Swiss Franc","0","Units",,,1.790016,,
"CHE","Switzerland","PPPGDP","Purchasing Power Parities for GDP","CD","National currency per US dollar","2001","2001","CHF","Swiss Franc","0","Units",,,1.764354,,
"CHE","Switzerland","PPPGDP","Purchasing Power Parities for GDP","CD","National currency per US dollar","2002","2002","CHF","Swiss Franc","0","Units",,,1.70976,,
"CHE","Switzerland","PPPGDP","Purchasing Power Parities for GDP","CD","National currency per US dollar","2003","2003","CHF","Swiss Franc","0","Units",,,1.717253,,
"CHE","Switzerland","PPPGDP","Purchasing Power Parities for GDP","CD","National currency per US dollar","2004","2004","CHF","Swiss Franc","0","Units",,,1.692153,,
"CHE","Switzerland","PPPGDP","Purchasing Power Parities for GDP","CD","National currency per US dollar","2005","2005","CHF","Swiss Franc","0","Units",,,1.686548,,
"CHE","Switzerland","PPPGDP","Purchasing Power Parities for GDP","CD","National currency per US dollar","2006","2006","CHF","Swiss Franc","0","Units",,,1.599588,,
"CHE","Switzerland","PPPGDP","Purchasing Power Parities for GDP","CD","National currency per US dollar","2007","2007","CHF","Swiss Franc","0","Units",,,1.534217,,
"CHE","Switzerland","PPPGDP","Purchasing Power Parities for GDP","CD","National currency per US dollar","2008","2008","CHF","Swiss Franc","0","Units",,,1.493049,,
"CHE","Switzerland","PPPGDP","Purchasing Power Parities for GDP","CD","National currency per US dollar","2009","2009","CHF","Swiss Franc","0","Units",,,1.468259,,
"CHE","Switzerland","PPPGDP","Purchasing Power Parities for GDP","CD","National currency per US dollar","2010","2010","CHF","Swiss Franc","0","Units",,,1.46335,,
"CHE","Switzerland","PPPGDP","Purchasing Power Parities for GDP","CD","National currency per US dollar","2011","2011","CHF","Swiss Franc","0","Units",,,1.397498,,
"CHE","Switzerland","PPPGDP","Purchasing Power Parities for GDP","CD","National currency per US dollar","2012","2012","CHF","Swiss Franc","0","Units",,,1.354072,,
"CHE","Switzerland","PPPGDP","Purchasing Power Parities for GDP","CD","National currency per US dollar","2013","2013","CHF","Swiss Franc","0","Units",,,1.312477,,
"CHE","Switzerland","PPPGDP","Purchasing Power Parities for GDP","CD","National currency per US dollar","2014","2014","CHF","Swiss Franc","0","Units",,,1.28404,,
"CHE","Switzerland","PPPGDP","Purchasing Power Parities for GDP","CD","National currency per US dollar","2015","2015","CHF","Swiss Franc","0","Units",,,1.247097,,
"CHE","Switzerland","PPPGDP","Purchasing Power Parities for GDP","CD","National currency per US dollar","2016","2016","CHF","Swiss Franc","0","Units",,,1.234851,,
"DNK","Denmark","PPPGDP","Purchasing Power Parities for GDP","CD","National currency per US dollar","1999","1999","DKK","Danish Krone","0","Units",,,8.752578,,
"DNK","Denmark","PPPGDP","Purchasing Power Parities for GDP","CD","National currency per US dollar","2000","2000","DKK","Danish Krone","0","Units",,,8.676771,,
"DNK","Denmark","PPPGDP","Purchasing Power Parities for GDP","CD","National currency per US dollar","2001","2001","DKK","Danish Krone","0","Units",,,8.670866,,
"DNK","Denmark","PPPGDP","Purchasing Power Parities for GDP","CD","National currency per US dollar","2002","2002","DKK","Danish Krone","0","Units",,,8.561606,,
"DNK","Denmark","PPPGDP","Purchasing Power Parities for GDP","CD","National currency per US dollar","2003","2003","DKK","Danish Krone","0","Units",,,8.65796,,
"DNK","Denmark","PPPGDP","Purchasing Power Parities for GDP","CD","National currency per US dollar","2004","2004","DKK","Danish Krone","0","Units",,,8.461561,,
"DNK","Denmark","PPPGDP","Purchasing Power Parities for GDP","CD","National currency per US dollar","2005","2005","DKK","Danish Krone","0","Units",,,8.569438,,
"DNK","Denmark","PPPGDP","Purchasing Power Parities for GDP","CD","National currency per US dollar","2006","2006","DKK","Danish Krone","0","Units",,,8.290944,,
"DNK","Denmark","PPPGDP","Purchasing Power Parities for GDP","CD","National currency per US dollar","2007","2007","DKK","Danish Krone","0","Units",,,8.17355,,
"DNK","Denmark","PPPGDP","Purchasing Power Parities for GDP","CD","National currency per US dollar","2008","2008","DKK","Danish Krone","0","Units",,,7.944128,,
"DNK","Denmark","PPPGDP","Purchasing Power Parities for GDP","CD","National currency per US dollar","2009","2009","DKK","Danish Krone","0","Units",,,7.721652,,
"DNK","Denmark","PPPGDP","Purchasing Power Parities for GDP","CD","National currency per US dollar","2010","2010","DKK","Danish Krone","0","Units",,,7.576796,,
"DNK","Denmark","PPPGDP","Purchasing Power Parities for GDP","CD","National currency per US dollar","2011","2011","DKK","Danish Krone","0","Units",,,7.466492,,
"DNK","Denmark","PPPGDP","Purchasing Power Parities for GDP","CD","National currency per US dollar","2012","2012","DKK","Danish Krone","0","Units",,,7.564136,,
"DNK","Denmark","PPPGDP","Purchasing Power Parities for GDP","CD","National currency per US dollar","2013","2013","DKK","Danish Krone","0","Units",,,7.354846,,
"DNK","Denmark","PPPGDP","Purchasing Power Parities for GDP","CD","National currency per US dollar","2014","2014","DKK","Danish Krone","0","Units",,,7.328879,,
"DNK","Denmark","PPPGDP","Purchasing Power Parities for GDP","CD","National currency per US dollar","2015","2015","DKK","Danish Krone","0","Units",,,7.281989,,
"DNK","Denmark","PPPGDP","Purchasing Power Parities for GDP","CD","National currency per US dollar","2016","2016","DKK","Danish Krone","0","Units",,,7.235852,,
"IDN","Indonesia","PPPGDP","Purchasing Power Parities for GDP","CD","National currency per US dollar","1999","1999","IDR","Rupiah","0","Units",,,1212.247164,,
"IDN","Indonesia","PPPGDP","Purchasing Power Parities for GDP","CD","National currency per US dollar","2000","2000","IDR","Rupiah","0","Units",,,1427.634797,,
"IDN","Indonesia","PPPGDP","Purchasing Power Parities for GDP","CD","National currency per US dollar","2001","2001","IDR","Rupiah","0","Units",,,1595.368537,,
"IDN","Indonesia","PPPGDP","Purchasing Power Parities for GDP","CD","National currency per US dollar","2002","2002","IDR","Rupiah","0","Units",,,1663.889513,,
"IDN","Indonesia","PPPGDP","Purchasing Power Parities for GDP","CD","National currency per US dollar","2003","2003","IDR","Rupiah","0","Units",,,1720.878942,,
"IDN","Indonesia","PPPGDP","Purchasing Power Parities for GDP","CD","National currency per US dollar","2004","2004","IDR","Rupiah","0","Units",,,1818.035786,,
"IDN","Indonesia","PPPGDP","Purchasing Power Parities for GDP","CD","National currency per US dollar","2005","2005","IDR","Rupiah","0","Units",,,2013.796064,,
"IDN","Indonesia","PPPGDP","Purchasing Power Parities for GDP","CD","National currency per US dollar","2006","2006","IDR","Rupiah","0","Units",,,2229.007024,,
"IDN","Indonesia","PPPGDP","Purchasing Power Parities for GDP","CD","National currency per US dollar","2007","2007","IDR","Rupiah","0","Units",,,2415.672362,,
"IDN","Indonesia","PPPGDP","Purchasing Power Parities for GDP","CD","National currency per US dollar","2008","2008","IDR","Rupiah","0","Units",,,2799.201405,,
"IDN","Indonesia","PPPGDP","Purchasing Power Parities for GDP","CD","National currency per US dollar","2009","2009","IDR","Rupiah","0","Units",,,3007.98471,,
"IDN","Indonesia","PPPGDP","Purchasing Power Parities for GDP","CD","National currency per US dollar","2010","2010","IDR","Rupiah","0","Units",,,3425.297479,,
"IDN","Indonesia","PPPGDP","Purchasing Power Parities for GDP","CD","National currency per US dollar","2011","2011","IDR","Rupiah","0","Units",,,3606.566084,,
"IDN","Indonesia","PPPGDP","Purchasing Power Parities for GDP","CD","National currency per US dollar","2012","2012","IDR","Rupiah","0","Units",,,3674.270252,,
"IDN","Indonesia","PPPGDP","Purchasing Power Parities for GDP","CD","National currency per US dollar","2013","2013","IDR","Rupiah","0","Units",,,3794.87414,,
"IDN","Indonesia","PPPGDP","Purchasing Power Parities for GDP","CD","National currency per US dollar","2014","2014","IDR","Rupiah","0","Units",,,3934.67475,,
"IDN","Indonesia","PPPGDP","Purchasing Power Parities for GDP","CD","National currency per US dollar","2015","2015","IDR","Rupiah","0","Units",,,4060.45504,,
"IDN","Indonesia","PPPGDP","Purchasing Power Parities for GDP","CD","National currency per US dollar","2016","2016","IDR","Rupiah","0","Units",,,4091.831,,
"TUR","Turkey","PPPGDP","Purchasing Power Parities for GDP","CD","National currency per US dollar","1999","1999","TRY","Turkish Lira","0","Units",,,0.196465,,
"TUR","Turkey","PPPGDP","Purchasing Power Parities for GDP","CD","National currency per US dollar","2000","2000","TRY","Turkish Lira","0","Units",,,0.281808,,
"TUR","Turkey","PPPGDP","Purchasing Power Parities for GDP","CD","National currency per US dollar","2001","2001","TRY","Turkish Lira","0","Units",,,0.413948,,
"TUR","Turkey","PPPGDP","Purchasing Power Parities for GDP","CD","National currency per US dollar","2002","2002","TRY","Turkish Lira","0","Units",,,0.591251,,
"TUR","Turkey","PPPGDP","Purchasing Power Parities for GDP","CD","National currency per US dollar","2003","2003","TRY","Turkish Lira","0","Units",,,0.737407,,
"TUR","Turkey","PPPGDP","Purchasing Power Parities for GDP","CD","National currency per US dollar","2004","2004","TRY","Turkish Lira","0","Units",,,0.792335,,
"TUR","Turkey","PPPGDP","Purchasing Power Parities for GDP","CD","National currency per US dollar","2005","2005","TRY","Turkish Lira","0","Units",,,0.834589,,
"TUR","Turkey","PPPGDP","Purchasing Power Parities for GDP","CD","National currency per US dollar","2006","2006","TRY","Turkish Lira","0","Units",,,0.842195,,
"TUR","Turkey","PPPGDP","Purchasing Power Parities for GDP","CD","National currency per US dollar","2007","2007","TRY","Turkish Lira","0","Units",,,0.852468,,
"TUR","Turkey","PPPGDP","Purchasing Power Parities for GDP","CD","National currency per US dollar","2008","2008","TRY","Turkish Lira","0","Units",,,0.87996,,
"TUR","Turkey","PPPGDP","Purchasing Power Parities for GDP","CD","National currency per US dollar","2009","2009","TRY","Turkish Lira","0","Units",,,0.903519,,
"TUR","Turkey","PPPGDP","Purchasing Power Parities for GDP","CD","National currency per US dollar","2010","2010","TRY","Turkish Lira","0","Units",,,0.918607,,
"TUR","Turkey","PPPGDP","Purchasing Power Parities for GDP","CD","National currency per US dollar","2011","2011","TRY","Turkish Lira","0","Units",,,0.966176,,
"TUR","Turkey","PPPGDP","Purchasing Power Parities for GDP","CD","National currency per US dollar","2012","2012","TRY","Turkish Lira","0","Units",,,1.019856,,
"TUR","Turkey","PPPGDP","Purchasing Power Parities for GDP","CD","National currency per US dollar","2013","2013","TRY","Turkish Lira","0","Units",,,1.070294,,
"TUR","Turkey","PPPGDP","Purchasing Power Parities for GDP","CD","National currency per US dollar","2014","2014","TRY","Turkish Lira","0","Units",,,1.14839,,
"TUR","Turkey","PPPGDP","Purchasing Power Parities for GDP","CD","National currency per US dollar","2015","2015","TRY","Turkish Lira","0","Units",,,1.241547,,
"TUR","Turkey","PPPGDP","Purchasing Power Parities for GDP","CD","National currency per US dollar","2016","2016","TRY","Turkish Lira","0","Units",,,1.343843,,
"ISR","Israel","PPPGDP","Purchasing Power Parities for GDP","CD","National currency per US dollar","1999","1999","ILS","New Israeli Sheqel","0","Units",,,3.504641,,
"ISR","Israel","PPPGDP","Purchasing Power Parities for GDP","CD","National currency per US dollar","2000","2000","ILS","New Israeli Sheqel","0","Units",,,3.441425,,
"ISR","Israel","PPPGDP","Purchasing Power Parities for GDP","CD","National currency per US dollar","2001","2001","ILS","New Israeli Sheqel","0","Units",,,3.423106,,
"ISR","Israel","PPPGDP","Purchasing Power Parities for GDP","CD","National currency per US dollar","2002","2002","ILS","New Israeli Sheqel","0","Units",,,3.462676,,
"ISR","Israel","PPPGDP","Purchasing Power Parities for GDP","CD","National currency per US dollar","2003","2003","ILS","New Israeli Sheqel","0","Units",,,3.627312,,
"ISR","Israel","PPPGDP","Purchasing Power Parities for GDP","CD","National currency per US dollar","2004","2004","ILS","New Israeli Sheqel","0","Units",,,3.534044,,
"ISR","Israel","PPPGDP","Purchasing Power Parities for GDP","CD","National currency per US dollar","2005","2005","ILS","New Israeli Sheqel","0","Units",,,3.716937,,
"ISR","Israel","PPPGDP","Purchasing Power Parities for GDP","CD","National currency per US dollar","2006","2006","ILS","New Israeli Sheqel","0","Units",,,3.786768,,
"ISR","Israel","PPPGDP","Purchasing Power Parities for GDP","CD","National currency per US dollar","2007","2007","ILS","New Israeli Sheqel","0","Units",,,3.719166,,
"ISR","Israel","PPPGDP","Purchasing Power Parities for GDP","CD","National currency per US dollar","2008","2008","ILS","New Israeli Sheqel","0","Units",,,3.867205,,
"ISR","Israel","PPPGDP","Purchasing Power Parities for GDP","CD","National currency per US dollar","2009","2009","ILS","New Israeli Sheqel","0","Units",,,3.963305,,
"ISR","Israel","PPPGDP","Purchasing Power Parities for GDP","CD","National currency per US dollar","2010","2010","ILS","New Israeli Sheqel","0","Units",,,3.972996,,
"ISR","Israel","PPPGDP","Purchasing Power Parities for GDP","CD","National currency per US dollar","2011","2011","ILS","New Israeli Sheqel","0","Units",,,3.944763,,
"ISR","Israel","PPPGDP","Purchasing Power Parities for GDP","CD","National currency per US dollar","2012","2012","ILS","New Israeli Sheqel","0","Units",,,3.955358,,
"ISR","Israel","PPPGDP","Purchasing Power Parities for GDP","CD","National currency per US dollar","2013","2013","ILS","New Israeli Sheqel","0","Units",,,3.839566,,
"ISR","Israel","PPPGDP","Purchasing Power Parities for GDP","CD","National currency per US dollar","2014","2014","ILS","New Israeli Sheqel","0","Units",,,3.849708,,
"ISR","Israel","PPPGDP","Purchasing Power Parities for GDP","CD","National currency per US dollar","2015","2015","ILS","New Israeli Sheqel","0","Units",,,3.79998,,
"ISR","Israel","PPPGDP","Purchasing Power Parities for GDP","CD","National currency per US dollar","2016","2016","ILS","New Israeli Sheqel","0","Units",,,3.778916,,
"CHL","Chile","PPPGDP","Purchasing Power Parities for GDP","CD","National currency per US dollar","1999","1999","CLP","Chilean Peso","0","Units",,,280.240551,,
"CHL","Chile","PPPGDP","Purchasing Power Parities for GDP","CD","National currency per US dollar","2000","2000","CLP","Chilean Peso","0","Units",,,286.436984,,
"CHL","Chile","PPPGDP","Purchasing Power Parities for GDP","CD","National currency per US dollar","2001","2001","CLP","Chilean Peso","0","Units",,,291.762867,,
"CHL","Chile","PPPGDP","Purchasing Power Parities for GDP","CD","National currency per US dollar","2002","2002","CLP","Chilean Peso","0","Units",,,298.613501,,
"CHL","Chile","PPPGDP","Purchasing Power Parities for GDP","CD","National currency per US dollar","2003","2003","CLP","Chilean Peso","0","Units",,,307.319599,,
"CHL","Chile","PPPGDP","Purchasing Power Parities for GDP","CD","National currency per US dollar","2004","2004","CLP","Chilean Peso","0","Units",,,321.443782,,
"CHL","Chile","PPPGDP","Purchasing Power Parities for GDP","CD","National currency per US dollar","2005","2005","CLP","Chilean Peso","0","Units",,,333.69,,
"CHL","Chile","PPPGDP","Purchasing Power Parities for GDP","CD","National currency per US dollar","2006","2006","CLP","Chilean Peso","0","Units",,,322.173754,,
"CHL","Chile","PPPGDP","Purchasing Power Parities for GDP","CD","National currency per US dollar","2007","2007","CLP","Chilean Peso","0","Units",,,326.154384,,
"CHL","Chile","PPPGDP","Purchasing Power Parities for GDP","CD","National currency per US dollar","2008","2008","CLP","Chilean Peso","0","Units",,,342.987831,,
"CHL","Chile","PPPGDP","Purchasing Power Parities for GDP","CD","National currency per US dollar","2009","2009","CLP","Chilean Peso","0","Units",,,353.163393,,
"CHL","Chile","PPPGDP","Purchasing Power Parities for GDP","CD","National currency per US dollar","2010","2010","CLP","Chilean Peso","0","Units",,,357.464474,,
"CHL","Chile","PPPGDP","Purchasing Power Parities for GDP","CD","National currency per US dollar","2011","2011","CLP","Chilean Peso","0","Units",,,348.016847,,
"CHL","Chile","PPPGDP","Purchasing Power Parities for GDP","CD","National currency per US dollar","2012","2012","CLP","Chilean Peso","0","Units",,,347.228507,,
"CHL","Chile","PPPGDP","Purchasing Power Parities for GDP","CD","National currency per US dollar","2013","2013","CLP","Chilean Peso","0","Units",,,349.680536,,
"CHL","Chile","PPPGDP","Purchasing Power Parities for GDP","CD","National currency per US dollar","2014","2014","CLP","Chilean Peso","0","Units",,,366.12695,,
"CHL","Chile","PPPGDP","Purchasing Power Parities for GDP","CD","National currency per US dollar","2015","2015","CLP","Chilean Peso","0","Units",,,378.757765,,
"CHL","Chile","PPPGDP","Purchasing Power Parities for GDP","CD","National currency per US dollar","2016","2016","CLP","Chilean Peso","0","Units",,,389.696253,,
"CZE","Czech Republic","PPPGDP","Purchasing Power Parities for GDP","CD","National currency per US dollar","1999","1999","CZK","Czech Koruna","0","Units",,,14.22935,,
"CZE","Czech Republic","PPPGDP","Purchasing Power Parities for GDP","CD","National currency per US dollar","2000","2000","CZK","Czech Koruna","0","Units",,,14.341465,,
"CZE","Czech Republic","PPPGDP","Purchasing Power Parities for GDP","CD","National currency per US dollar","2001","2001","CZK","Czech Koruna","0","Units",,,14.287515,,
"CZE","Czech Republic","PPPGDP","Purchasing Power Parities for GDP","CD","National currency per US dollar","2002","2002","CZK","Czech Koruna","0","Units",,,14.458321,,
"CZE","Czech Republic","PPPGDP","Purchasing Power Parities for GDP","CD","National currency per US dollar","2003","2003","CZK","Czech Koruna","0","Units",,,14.192577,,
"CZE","Czech Republic","PPPGDP","Purchasing Power Parities for GDP","CD","National currency per US dollar","2004","2004","CZK","Czech Koruna","0","Units",,,14.429087,,
"CZE","Czech Republic","PPPGDP","Purchasing Power Parities for GDP","CD","National currency per US dollar","2005","2005","CZK","Czech Koruna","0","Units",,,14.562493,,
"CZE","Czech Republic","PPPGDP","Purchasing Power Parities for GDP","CD","National currency per US dollar","2006","2006","CZK","Czech Koruna","0","Units",,,14.421223,,
"CZE","Czech Republic","PPPGDP","Purchasing Power Parities for GDP","CD","National currency per US dollar","2007","2007","CZK","Czech Koruna","0","Units",,,14.278177,,
"CZE","Czech Republic","PPPGDP","Purchasing Power Parities for GDP","CD","National currency per US dollar","2008","2008","CZK","Czech Koruna","0","Units",,,13.916713,,
"CZE","Czech Republic","PPPGDP","Purchasing Power Parities for GDP","CD","National currency per US dollar","2009","2009","CZK","Czech Koruna","0","Units",,,13.621707,,
"CZE","Czech Republic","PPPGDP","Purchasing Power Parities for GDP","CD","National currency per US dollar","2010","2010","CZK","Czech Koruna","0","Units",,,13.646715,,
"CZE","Czech Republic","PPPGDP","Purchasing Power Parities for GDP","CD","National currency per US dollar","2011","2011","CZK","Czech Koruna","0","Units",,,13.345305,,
"CZE","Czech Republic","PPPGDP","Purchasing Power Parities for GDP","CD","National currency per US dollar","2012","2012","CZK","Czech Koruna","0","Units",,,13.297699,,
"CZE","Czech Republic","PPPGDP","Purchasing Power Parities for GDP","CD","National currency per US dollar","2013","2013","CZK","Czech Koruna","0","Units",,,12.785271,,
"CZE","Czech Republic","PPPGDP","Purchasing Power Parities for GDP","CD","National currency per US dollar","2014","2014","CZK","Czech Koruna","0","Units",,,12.666181,,
"CZE","Czech Republic","PPPGDP","Purchasing Power Parities for GDP","CD","National currency per US dollar","2015","2015","CZK","Czech Koruna","0","Units",,,12.798979,,
"CZE","Czech Republic","PPPGDP","Purchasing Power Parities for GDP","CD","National currency per US dollar","2016","2016","CZK","Czech Koruna","0","Units",,,12.861321,,
"RUS","Russia","PPPGDP","Purchasing Power Parities for GDP","CD","National currency per US dollar","1999","1999","RUB","Russian Ruble","0","Units",,,5.539641,,
"RUS","Russia","PPPGDP","Purchasing Power Parities for GDP","CD","National currency per US dollar","2000","2000","RUB","Russian Ruble","0","Units",,,7.301352,,
"RUS","Russia","PPPGDP","Purchasing Power Parities for GDP","CD","National currency per US dollar","2001","2001","RUB","Russian Ruble","0","Units",,,8.315801,,
"RUS","Russia","PPPGDP","Purchasing Power Parities for GDP","CD","National currency per US dollar","2002","2002","RUB","Russian Ruble","0","Units",,,9.273504,,
"RUS","Russia","PPPGDP","Purchasing Power Parities for GDP","CD","National currency per US dollar","2003","2003","RUB","Russian Ruble","0","Units",,,9.867835,,
"RUS","Russia","PPPGDP","Purchasing Power Parities for GDP","CD","National currency per US dollar","2004","2004","RUB","Russian Ruble","0","Units",,,11.5516,,
"RUS","Russia","PPPGDP","Purchasing Power Parities for GDP","CD","National currency per US dollar","2005","2005","RUB","Russian Ruble","0","Units",,,12.736131,,
"RUS","Russia","PPPGDP","Purchasing Power Parities for GDP","CD","National currency per US dollar","2006","2006","RUB","Russian Ruble","0","Units",,,12.614955,,
"RUS","Russia","PPPGDP","Purchasing Power Parities for GDP","CD","National currency per US dollar","2007","2007","RUB","Russian Ruble","0","Units",,,13.98421,,
"RUS","Russia","PPPGDP","Purchasing Power Parities for GDP","CD","National currency per US dollar","2008","2008","RUB","Russian Ruble","0","Units",,,14.341196,,
"RUS","Russia","PPPGDP","Purchasing Power Parities for GDP","CD","National currency per US dollar","2009","2009","RUB","Russian Ruble","0","Units",,,14.019334,,
"RUS","Russia","PPPGDP","Purchasing Power Parities for GDP","CD","National currency per US dollar","2010","2010","RUB","Russian Ruble","0","Units",,,15.815104,,
"RUS","Russia","PPPGDP","Purchasing Power Parities for GDP","CD","National currency per US dollar","2011","2011","RUB","Russian Ruble","0","Units",,,17.345572,,
"RUS","Russia","PPPGDP","Purchasing Power Parities for GDP","CD","National currency per US dollar","2012","2012","RUB","Russian Ruble","0","Units",,,18.460624,,
"RUS","Russia","PPPGDP","Purchasing Power Parities for GDP","CD","National currency per US dollar","2013","2013","RUB","Russian Ruble","0","Units",,,19.421265,,
"RUS","Russia","PPPGDP","Purchasing Power Parities for GDP","CD","National currency per US dollar","2014","2014","RUB","Russian Ruble","0","Units",,,21.278878,,
"RUS","Russia","PPPGDP","Purchasing Power Parities for GDP","CD","National currency per US dollar","2015","2015","RUB","Russian Ruble","0","Units",,,23.984696,,
"RUS","Russia","PPPGDP","Purchasing Power Parities for GDP","CD","National currency per US dollar","2016","2016","RUB","Russian Ruble","0","Units",,,25.326558,,
"CAN","Canada","PPPGDP","Purchasing Power Parities for GDP","CD","National currency per US dollar","1999","1999","CAD","Canadian Dollar","0","Units",,,1.19081,,
"CAN","Canada","PPPGDP","Purchasing Power Parities for GDP","CD","National currency per US dollar","2000","2000","CAD","Canadian Dollar","0","Units",,,1.227561,,
"CAN","Canada","PPPGDP","Purchasing Power Parities for GDP","CD","National currency per US dollar","2001","2001","CAD","Canadian Dollar","0","Units",,,1.220112,,
"CAN","Canada","PPPGDP","Purchasing Power Parities for GDP","CD","National currency per US dollar","2002","2002","CAD","Canadian Dollar","0","Units",,,1.229333,,
"CAN","Canada","PPPGDP","Purchasing Power Parities for GDP","CD","National currency per US dollar","2003","2003","CAD","Canadian Dollar","0","Units",,,1.226255,,
"CAN","Canada","PPPGDP","Purchasing Power Parities for GDP","CD","National currency per US dollar","2004","2004","CAD","Canadian Dollar","0","Units",,,1.232587,,
"CAN","Canada","PPPGDP","Purchasing Power Parities for GDP","CD","National currency per US dollar","2005","2005","CAD","Canadian Dollar","0","Units",,,1.213644,,
"CAN","Canada","PPPGDP","Purchasing Power Parities for GDP","CD","National currency per US dollar","2006","2006","CAD","Canadian Dollar","0","Units",,,1.205336,,
"CAN","Canada","PPPGDP","Purchasing Power Parities for GDP","CD","National currency per US dollar","2007","2007","CAD","Canadian Dollar","0","Units",,,1.213055,,
"CAN","Canada","PPPGDP","Purchasing Power Parities for GDP","CD","National currency per US dollar","2008","2008","CAD","Canadian Dollar","0","Units",,,1.23439,,
"CAN","Canada","PPPGDP","Purchasing Power Parities for GDP","CD","National currency per US dollar","2009","2009","CAD","Canadian Dollar","0","Units",,,1.201517,,
"CAN","Canada","PPPGDP","Purchasing Power Parities for GDP","CD","National currency per US dollar","2010","2010","CAD","Canadian Dollar","0","Units",,,1.221134,,
"CAN","Canada","PPPGDP","Purchasing Power Parities for GDP","CD","National currency per US dollar","2011","2011","CAD","Canadian Dollar","0","Units",,,1.239904,,
"CAN","Canada","PPPGDP","Purchasing Power Parities for GDP","CD","National currency per US dollar","2012","2012","CAD","Canadian Dollar","0","Units",,,1.244607,,
"CAN","Canada","PPPGDP","Purchasing Power Parities for GDP","CD","National currency per US dollar","2013","2013","CAD","Canadian Dollar","0","Units",,,1.224,,
"CAN","Canada","PPPGDP","Purchasing Power Parities for GDP","CD","National currency per US dollar","2014","2014","CAD","Canadian Dollar","0","Units",,,1.237576,,
"CAN","Canada","PPPGDP","Purchasing Power Parities for GDP","CD","National currency per US dollar","2015","2015","CAD","Canadian Dollar","0","Units",,,1.253367,,
"CAN","Canada","PPPGDP","Purchasing Power Parities for GDP","CD","National currency per US dollar","2016","2016","CAD","Canadian Dollar","0","Units",,,1.269185,,
"HUN","Hungary","PPPGDP","Purchasing Power Parities for GDP","CD","National currency per US dollar","1999","1999","HUF","Forint","0","Units",,,104.545883,,
"HUN","Hungary","PPPGDP","Purchasing Power Parities for GDP","CD","National currency per US dollar","2000","2000","HUF","Forint","0","Units",,,110.156068,,
"HUN","Hungary","PPPGDP","Purchasing Power Parities for GDP","CD","National currency per US dollar","2001","2001","HUF","Forint","0","Units",,,114.130397,,
"HUN","Hungary","PPPGDP","Purchasing Power Parities for GDP","CD","National currency per US dollar","2002","2002","HUF","Forint","0","Units",,,118.141282,,
"HUN","Hungary","PPPGDP","Purchasing Power Parities for GDP","CD","National currency per US dollar","2003","2003","HUF","Forint","0","Units",,,122.154746,,
"HUN","Hungary","PPPGDP","Purchasing Power Parities for GDP","CD","National currency per US dollar","2004","2004","HUF","Forint","0","Units",,,128.408328,,
"HUN","Hungary","PPPGDP","Purchasing Power Parities for GDP","CD","National currency per US dollar","2005","2005","HUF","Forint","0","Units",,,130.929945,,
"HUN","Hungary","PPPGDP","Purchasing Power Parities for GDP","CD","National currency per US dollar","2006","2006","HUF","Forint","0","Units",,,131.551383,,
"HUN","Hungary","PPPGDP","Purchasing Power Parities for GDP","CD","National currency per US dollar","2007","2007","HUF","Forint","0","Units",,,134.249207,,
"HUN","Hungary","PPPGDP","Purchasing Power Parities for GDP","CD","National currency per US dollar","2008","2008","HUF","Forint","0","Units",,,131.005355,,
"HUN","Hungary","PPPGDP","Purchasing Power Parities for GDP","CD","National currency per US dollar","2009","2009","HUF","Forint","0","Units",,,127.533678,,
"HUN","Hungary","PPPGDP","Purchasing Power Parities for GDP","CD","National currency per US dollar","2010","2010","HUF","Forint","0","Units",,,126.176806,,
"HUN","Hungary","PPPGDP","Purchasing Power Parities for GDP","CD","National currency per US dollar","2011","2011","HUF","Forint","0","Units",,,124.271836,,
"HUN","Hungary","PPPGDP","Purchasing Power Parities for GDP","CD","National currency per US dollar","2012","2012","HUF","Forint","0","Units",,,125.623608,,
"HUN","Hungary","PPPGDP","Purchasing Power Parities for GDP","CD","National currency per US dollar","2013","2013","HUF","Forint","0","Units",,,124.979432,,
"HUN","Hungary","PPPGDP","Purchasing Power Parities for GDP","CD","National currency per US dollar","2014","2014","HUF","Forint","0","Units",,,128.807779,,
"HUN","Hungary","PPPGDP","Purchasing Power Parities for GDP","CD","National currency per US dollar","2015","2015","HUF","Forint","0","Units",,,130.658726,,
"HUN","Hungary","PPPGDP","Purchasing Power Parities for GDP","CD","National currency per US dollar","2016","2016","HUF","Forint","0","Units",,,133.634583,,
"POL","Poland","PPPGDP","Purchasing Power Parities for GDP","CD","National currency per US dollar","1999","1999","PLN","Zloty","0","Units",,,1.737656,,
"POL","Poland","PPPGDP","Purchasing Power Parities for GDP","CD","National currency per US dollar","2000","2000","PLN","Zloty","0","Units",,,1.834323,,
"POL","Poland","PPPGDP","Purchasing Power Parities for GDP","CD","National currency per US dollar","2001","2001","PLN","Zloty","0","Units",,,1.832631,,
"POL","Poland","PPPGDP","Purchasing Power Parities for GDP","CD","National currency per US dollar","2002","2002","PLN","Zloty","0","Units",,,1.799795,,
"POL","Poland","PPPGDP","Purchasing Power Parities for GDP","CD","National currency per US dollar","2003","2003","PLN","Zloty","0","Units",,,1.806573,,
"POL","Poland","PPPGDP","Purchasing Power Parities for GDP","CD","National currency per US dollar","2004","2004","PLN","Zloty","0","Units",,,1.830421,,
"POL","Poland","PPPGDP","Purchasing Power Parities for GDP","CD","National currency per US dollar","2005","2005","PLN","Zloty","0","Units",,,1.867595,,
"POL","Poland","PPPGDP","Purchasing Power Parities for GDP","CD","National currency per US dollar","2006","2006","PLN","Zloty","0","Units",,,1.851309,,
"POL","Poland","PPPGDP","Purchasing Power Parities for GDP","CD","National currency per US dollar","2007","2007","PLN","Zloty","0","Units",,,1.856458,,
"POL","Poland","PPPGDP","Purchasing Power Parities for GDP","CD","National currency per US dollar","2008","2008","PLN","Zloty","0","Units",,,1.842243,,
"POL","Poland","PPPGDP","Purchasing Power Parities for GDP","CD","National currency per US dollar","2009","2009","PLN","Zloty","0","Units",,,1.866864,,
"POL","Poland","PPPGDP","Purchasing Power Parities for GDP","CD","National currency per US dollar","2010","2010","PLN","Zloty","0","Units",,,1.801476,,
"POL","Poland","PPPGDP","Purchasing Power Parities for GDP","CD","National currency per US dollar","2011","2011","PLN","Zloty","0","Units",,,1.801424,,
"POL","Poland","PPPGDP","Purchasing Power Parities for GDP","CD","National currency per US dollar","2012","2012","PLN","Zloty","0","Units",,,1.796168,,
"POL","Poland","PPPGDP","Purchasing Power Parities for GDP","CD","National currency per US dollar","2013","2013","PLN","Zloty","0","Units",,,1.762045,,
"POL","Poland","PPPGDP","Purchasing Power Parities for GDP","CD","National currency per US dollar","2014","2014","PLN","Zloty","0","Units",,,1.759853,,
"POL","Poland","PPPGDP","Purchasing Power Parities for GDP","CD","National currency per US dollar","2015","2015","PLN","Zloty","0","Units",,,1.763773,,
"POL","Poland","PPPGDP","Purchasing Power Parities for GDP","CD","National currency per US dollar","2016","2016","PLN","Zloty","0","Units",,,1.754076,,
"COL","Colombia","PPPGDP","Purchasing Power Parities for GDP","CD","National currency per US dollar","1999","1999","COP","Colombian Peso","0","Units",,,608.348675,,
"COL","Colombia","PPPGDP","Purchasing Power Parities for GDP","CD","National currency per US dollar","2000","2000","COP","Colombian Peso","0","Units",,,783.734381,,
"COL","Colombia","PPPGDP","Purchasing Power Parities for GDP","CD","National currency per US dollar","2001","2001","COP","Colombian Peso","0","Units",,,816.220838,,
"COL","Colombia","PPPGDP","Purchasing Power Parities for GDP","CD","National currency per US dollar","2002","2002","COP","Colombian Peso","0","Units",,,851.857381,,
"COL","Colombia","PPPGDP","Purchasing Power Parities for GDP","CD","National currency per US dollar","2003","2003","COP","Colombian Peso","0","Units",,,892.239098,,
"COL","Colombia","PPPGDP","Purchasing Power Parities for GDP","CD","National currency per US dollar","2004","2004","COP","Colombian Peso","0","Units",,,931.60464,,
"COL","Colombia","PPPGDP","Purchasing Power Parities for GDP","CD","National currency per US dollar","2005","2005","COP","Colombian Peso","0","Units",,,952.723748,,
"COL","Colombia","PPPGDP","Purchasing Power Parities for GDP","CD","National currency per US dollar","2006","2006","COP","Colombian Peso","0","Units",,,977.706657,,
"COL","Colombia","PPPGDP","Purchasing Power Parities for GDP","CD","National currency per US dollar","2007","2007","COP","Colombian Peso","0","Units",,,1000.357813,,
"COL","Colombia","PPPGDP","Purchasing Power Parities for GDP","CD","National currency per US dollar","2008","2008","COP","Colombian Peso","0","Units",,,1055.242084,,
"COL","Colombia","PPPGDP","Purchasing Power Parities for GDP","CD","National currency per US dollar","2009","2009","COP","Colombian Peso","0","Units",,,1082.979231,,
"COL","Colombia","PPPGDP","Purchasing Power Parities for GDP","CD","National currency per US dollar","2010","2010","COP","Colombian Peso","0","Units",,,1111.170441,,
"COL","Colombia","PPPGDP","Purchasing Power Parities for GDP","CD","National currency per US dollar","2011","2011","COP","Colombian Peso","0","Units",,,1161.909895,,
"COL","Colombia","PPPGDP","Purchasing Power Parities for GDP","CD","National currency per US dollar","2012","2012","COP","Colombian Peso","0","Units",,,1174.995213,,
"COL","Colombia","PPPGDP","Purchasing Power Parities for GDP","CD","National currency per US dollar","2013","2013","COP","Colombian Peso","0","Units",,,1179.187561,,
"COL","Colombia","PPPGDP","Purchasing Power Parities for GDP","CD","National currency per US dollar","2014","2014","COP","Colombian Peso","0","Units",,,1184.921697,,
"COL","Colombia","PPPGDP","Purchasing Power Parities for GDP","CD","National currency per US dollar","2015","2015","COP","Colombian Peso","0","Units",,,1203.209368,,
"COL","Colombia","PPPGDP","Purchasing Power Parities for GDP","CD","National currency per US dollar","2016","2016","COP","Colombian Peso","0","Units",,,1252.399,,
"KOR","Korea","PPPGDP","Purchasing Power Parities for GDP","CD","National currency per US dollar","1999","1999","KRW","Won","0","Units",,,754.89297,,
"KOR","Korea","PPPGDP","Purchasing Power Parities for GDP","CD","National currency per US dollar","2000","2000","KRW","Won","0","Units",,,747.230617,,
"KOR","Korea","PPPGDP","Purchasing Power Parities for GDP","CD","National currency per US dollar","2001","2001","KRW","Won","0","Units",,,757.250769,,
"KOR","Korea","PPPGDP","Purchasing Power Parities for GDP","CD","National currency per US dollar","2002","2002","KRW","Won","0","Units",,,769.77179,,
"KOR","Korea","PPPGDP","Purchasing Power Parities for GDP","CD","National currency per US dollar","2003","2003","KRW","Won","0","Units",,,792.161314,,
"KOR","Korea","PPPGDP","Purchasing Power Parities for GDP","CD","National currency per US dollar","2004","2004","KRW","Won","0","Units",,,793.968303,,
"KOR","Korea","PPPGDP","Purchasing Power Parities for GDP","CD","National currency per US dollar","2005","2005","KRW","Won","0","Units",,,788.920135,,
"KOR","Korea","PPPGDP","Purchasing Power Parities for GDP","CD","National currency per US dollar","2006","2006","KRW","Won","0","Units",,,772.192409,,
"KOR","Korea","PPPGDP","Purchasing Power Parities for GDP","CD","National currency per US dollar","2007","2007","KRW","Won","0","Units",,,770.205904,,
"KOR","Korea","PPPGDP","Purchasing Power Parities for GDP","CD","National currency per US dollar","2008","2008","KRW","Won","0","Units",,,785.717886,,
"KOR","Korea","PPPGDP","Purchasing Power Parities for GDP","CD","National currency per US dollar","2009","2009","KRW","Won","0","Units",,,824.761218,,
"KOR","Korea","PPPGDP","Purchasing Power Parities for GDP","CD","National currency per US dollar","2010","2010","KRW","Won","0","Units",,,840.569267,,
"KOR","Korea","PPPGDP","Purchasing Power Parities for GDP","CD","National currency per US dollar","2011","2011","KRW","Won","0","Units",,,854.585723,,
"KOR","Korea","PPPGDP","Purchasing Power Parities for GDP","CD","National currency per US dollar","2012","2012","KRW","Won","0","Units",,,854.887268,,
"KOR","Korea","PPPGDP","Purchasing Power Parities for GDP","CD","National currency per US dollar","2013","2013","KRW","Won","0","Units",,,869.081422,,
"KOR","Korea","PPPGDP","Purchasing Power Parities for GDP","CD","National currency per US dollar","2014","2014","KRW","Won","0","Units",,,870.738326,,
"KOR","Korea","PPPGDP","Purchasing Power Parities for GDP","CD","National currency per US dollar","2015","2015","KRW","Won","0","Units",,,890.723513,,
"KOR","Korea","PPPGDP","Purchasing Power Parities for GDP","CD","National currency per US dollar","2016","2016","KRW","Won","0","Units",,,893.752797,,
"AUS","Australia","PPPGDP","Purchasing Power Parities for GDP","CD","National currency per US dollar","1999","1999","AUD","Australian Dollar","0","Units",,,1.29695,,
"AUS","Australia","PPPGDP","Purchasing Power Parities for GDP","CD","National currency per US dollar","2000","2000","AUD","Australian Dollar","0","Units",,,1.307971,,
"AUS","Australia","PPPGDP","Purchasing Power Parities for GDP","CD","National currency per US dollar","2001","2001","AUD","Australian Dollar","0","Units",,,1.325852,,
"AUS","Australia","PPPGDP","Purchasing Power Parities for GDP","CD","National currency per US dollar","2002","2002","AUD","Australian Dollar","0","Units",,,1.33649,,
"AUS","Australia","PPPGDP","Purchasing Power Parities for GDP","CD","National currency per US dollar","2003","2003","AUD","Australian Dollar","0","Units",,,1.355487,,
"AUS","Australia","PPPGDP","Purchasing Power Parities for GDP","CD","National currency per US dollar","2004","2004","AUD","Australian Dollar","0","Units",,,1.366654,,
"AUS","Australia","PPPGDP","Purchasing Power Parities for GDP","CD","National currency per US dollar","2005","2005","AUD","Australian Dollar","0","Units",,,1.388356,,
"AUS","Australia","PPPGDP","Purchasing Power Parities for GDP","CD","National currency per US dollar","2006","2006","AUD","Australian Dollar","0","Units",,,1.404078,,
"AUS","Australia","PPPGDP","Purchasing Power Parities for GDP","CD","National currency per US dollar","2007","2007","AUD","Australian Dollar","0","Units",,,1.426699,,
"AUS","Australia","PPPGDP","Purchasing Power Parities for GDP","CD","National currency per US dollar","2008","2008","AUD","Australian Dollar","0","Units",,,1.479073,,
"AUS","Australia","PPPGDP","Purchasing Power Parities for GDP","CD","National currency per US dollar","2009","2009","AUD","Australian Dollar","0","Units",,,1.441167,,
"AUS","Australia","PPPGDP","Purchasing Power Parities for GDP","CD","National currency per US dollar","2010","2010","AUD","Australian Dollar","0","Units",,,1.502707,,
"AUS","Australia","PPPGDP","Purchasing Power Parities for GDP","CD","National currency per US dollar","2011","2011","AUD","Australian Dollar","0","Units",,,1.511052,,
"AUS","Australia","PPPGDP","Purchasing Power Parities for GDP","CD","National currency per US dollar","2012","2012","AUD","Australian Dollar","0","Units",,,1.540115,,
"AUS","Australia","PPPGDP","Purchasing Power Parities for GDP","CD","National currency per US dollar","2013","2013","AUD","Australian Dollar","0","Units",,,1.446881,,
"AUS","Australia","PPPGDP","Purchasing Power Parities for GDP","CD","National currency per US dollar","2014","2014","AUD","Australian Dollar","0","Units",,,1.459121,,
"AUS","Australia","PPPGDP","Purchasing Power Parities for GDP","CD","National currency per US dollar","2015","2015","AUD","Australian Dollar","0","Units",,,1.462527,,
"AUS","Australia","PPPGDP","Purchasing Power Parities for GDP","CD","National currency per US dollar","2016","2016","AUD","Australian Dollar","0","Units",,,1.465898,,
"NZL","New Zealand","PPPGDP","Purchasing Power Parities for GDP","CD","National currency per US dollar","1999","1999","NZD","New Zealand Dollar","0","Units",,,1.43466,,
"NZL","New Zealand","PPPGDP","Purchasing Power Parities for GDP","CD","National currency per US dollar","2000","2000","NZD","New Zealand Dollar","0","Units",,,1.444218,,
"NZL","New Zealand","PPPGDP","Purchasing Power Parities for GDP","CD","National currency per US dollar","2001","2001","NZD","New Zealand Dollar","0","Units",,,1.473655,,
"NZL","New Zealand","PPPGDP","Purchasing Power Parities for GDP","CD","National currency per US dollar","2002","2002","NZD","New Zealand Dollar","0","Units",,,1.468962,,
"NZL","New Zealand","PPPGDP","Purchasing Power Parities for GDP","CD","National currency per US dollar","2003","2003","NZD","New Zealand Dollar","0","Units",,,1.497338,,
"NZL","New Zealand","PPPGDP","Purchasing Power Parities for GDP","CD","National currency per US dollar","2004","2004","NZD","New Zealand Dollar","0","Units",,,1.507291,,
"NZL","New Zealand","PPPGDP","Purchasing Power Parities for GDP","CD","National currency per US dollar","2005","2005","NZD","New Zealand Dollar","0","Units",,,1.535,,
"NZL","New Zealand","PPPGDP","Purchasing Power Parities for GDP","CD","National currency per US dollar","2006","2006","NZD","New Zealand Dollar","0","Units",,,1.481212,,
"NZL","New Zealand","PPPGDP","Purchasing Power Parities for GDP","CD","National currency per US dollar","2007","2007","NZD","New Zealand Dollar","0","Units",,,1.505294,,
"NZL","New Zealand","PPPGDP","Purchasing Power Parities for GDP","CD","National currency per US dollar","2008","2008","NZD","New Zealand Dollar","0","Units",,,1.490709,,
"NZL","New Zealand","PPPGDP","Purchasing Power Parities for GDP","CD","National currency per US dollar","2009","2009","NZD","New Zealand Dollar","0","Units",,,1.470616,,
"NZL","New Zealand","PPPGDP","Purchasing Power Parities for GDP","CD","National currency per US dollar","2010","2010","NZD","New Zealand Dollar","0","Units",,,1.495596,,
"NZL","New Zealand","PPPGDP","Purchasing Power Parities for GDP","CD","National currency per US dollar","2011","2011","NZD","New Zealand Dollar","0","Units",,,1.485915,,
"NZL","New Zealand","PPPGDP","Purchasing Power Parities for GDP","CD","National currency per US dollar","2012","2012","NZD","New Zealand Dollar","0","Units",,,1.495622,,
"NZL","New Zealand","PPPGDP","Purchasing Power Parities for GDP","CD","National currency per US dollar","2013","2013","NZD","New Zealand Dollar","0","Units",,,1.445979,,
"NZL","New Zealand","PPPGDP","Purchasing Power Parities for GDP","CD","National currency per US dollar","2014","2014","NZD","New Zealand Dollar","0","Units",,,1.442777,,
"NZL","New Zealand","PPPGDP","Purchasing Power Parities for GDP","CD","National currency per US dollar","2015","2015","NZD","New Zealand Dollar","0","Units",,,1.443534,,
"NZL","New Zealand","PPPGDP","Purchasing Power Parities for GDP","CD","National currency per US dollar","2016","2016","NZD","New Zealand Dollar","0","Units",,,1.450057,,
"BRA","Brazil","PPPGDP","Purchasing Power Parities for GDP","CD","National currency per US dollar","1999","1999","BRL","Brazilian Real","0","Units",,,0.735073,,
"BRA","Brazil","PPPGDP","Purchasing Power Parities for GDP","CD","National currency per US dollar","2000","2000","BRL","Brazilian Real","0","Units",,,0.761018,,
"BRA","Brazil","PPPGDP","Purchasing Power Parities for GDP","CD","National currency per US dollar","2001","2001","BRL","Brazilian Real","0","Units",,,0.803139,,
"BRA","Brazil","PPPGDP","Purchasing Power Parities for GDP","CD","National currency per US dollar","2002","2002","BRL","Brazilian Real","0","Units",,,0.868502,,
"BRA","Brazil","PPPGDP","Purchasing Power Parities for GDP","CD","National currency per US dollar","2003","2003","BRL","Brazilian Real","0","Units",,,0.971515,,
"BRA","Brazil","PPPGDP","Purchasing Power Parities for GDP","CD","National currency per US dollar","2004","2004","BRL","Brazilian Real","0","Units",,,1.018803,,
"BRA","Brazil","PPPGDP","Purchasing Power Parities for GDP","CD","National currency per US dollar","2005","2005","BRL","Brazilian Real","0","Units",,,1.060394,,
"BRA","Brazil","PPPGDP","Purchasing Power Parities for GDP","CD","National currency per US dollar","2006","2006","BRL","Brazilian Real","0","Units",,,1.098496,,
"BRA","Brazil","PPPGDP","Purchasing Power Parities for GDP","CD","National currency per US dollar","2007","2007","BRL","Brazilian Real","0","Units",,,1.138892,,
"BRA","Brazil","PPPGDP","Purchasing Power Parities for GDP","CD","National currency per US dollar","2008","2008","BRL","Brazilian Real","0","Units",,,1.215041,,
"BRA","Brazil","PPPGDP","Purchasing Power Parities for GDP","CD","National currency per US dollar","2009","2009","BRL","Brazilian Real","0","Units",,,1.29408,,
"BRA","Brazil","PPPGDP","Purchasing Power Parities for GDP","CD","National currency per US dollar","2010","2010","BRL","Brazilian Real","0","Units",,,1.386147,,
"BRA","Brazil","PPPGDP","Purchasing Power Parities for GDP","CD","National currency per US dollar","2011","2011","BRL","Brazilian Real","0","Units",,,1.471075,,
"BRA","Brazil","PPPGDP","Purchasing Power Parities for GDP","CD","National currency per US dollar","2012","2012","BRL","Brazilian Real","0","Units",,,1.557394,,
"BRA","Brazil","PPPGDP","Purchasing Power Parities for GDP","CD","National currency per US dollar","2013","2013","BRL","Brazilian Real","0","Units",,,1.645589,,
"BRA","Brazil","PPPGDP","Purchasing Power Parities for GDP","CD","National currency per US dollar","2014","2014","BRL","Brazilian Real","0","Units",,,1.730141,,
"BRA","Brazil","PPPGDP","Purchasing Power Parities for GDP","CD","National currency per US dollar","2015","2015","BRL","Brazilian Real","0","Units",,,1.849497,,
"BRA","Brazil","PPPGDP","Purchasing Power Parities for GDP","CD","National currency per US dollar","2016","2016","BRL","Brazilian Real","0","Units",,,1.995,,
"CHN","China (People's Republic of)","PPPGDP","Purchasing Power Parities for GDP","CD","National currency per US dollar","1999","1999","CNY","Yuan Renminbi","0","Units",,,2.716965,,
"CHN","China (People's Republic of)","PPPGDP","Purchasing Power Parities for GDP","CD","National currency per US dollar","2000","2000","CNY","Yuan Renminbi","0","Units",,,2.710477,,
"CHN","China (People's Republic of)","PPPGDP","Purchasing Power Parities for GDP","CD","National currency per US dollar","2001","2001","CNY","Yuan Renminbi","0","Units",,,2.70439,,
"CHN","China (People's Republic of)","PPPGDP","Purchasing Power Parities for GDP","CD","National currency per US dollar","2002","2002","CNY","Yuan Renminbi","0","Units",,,2.679157,,
"CHN","China (People's Republic of)","PPPGDP","Purchasing Power Parities for GDP","CD","National currency per US dollar","2003","2003","CNY","Yuan Renminbi","0","Units",,,2.694618,,
"CHN","China (People's Republic of)","PPPGDP","Purchasing Power Parities for GDP","CD","National currency per US dollar","2004","2004","CNY","Yuan Renminbi","0","Units",,,2.803768,,
"CHN","China (People's Republic of)","PPPGDP","Purchasing Power Parities for GDP","CD","National currency per US dollar","2005","2005","CNY","Yuan Renminbi","0","Units",,,2.821652,,
"CHN","China (People's Republic of)","PPPGDP","Purchasing Power Parities for GDP","CD","National currency per US dollar","2006","2006","CNY","Yuan Renminbi","0","Units",,,2.844365,,
"CHN","China (People's Republic of)","PPPGDP","Purchasing Power Parities for GDP","CD","National currency per US dollar","2007","2007","CNY","Yuan Renminbi","0","Units",,,2.987623,,
"CHN","China (People's Republic of)","PPPGDP","Purchasing Power Parities for GDP","CD","National currency per US dollar","2008","2008","CNY","Yuan Renminbi","0","Units",,,3.15892,,
"CHN","China (People's Republic of)","PPPGDP","Purchasing Power Parities for GDP","CD","National currency per US dollar","2009","2009","CNY","Yuan Renminbi","0","Units",,,3.131759,,
"CHN","China (People's Republic of)","PPPGDP","Purchasing Power Parities for GDP","CD","National currency per US dollar","2010","2010","CNY","Yuan Renminbi","0","Units",,,3.308617,,
"CHN","China (People's Republic of)","PPPGDP","Purchasing Power Parities for GDP","CD","National currency per US dollar","2011","2011","CNY","Yuan Renminbi","0","Units",,,3.505536,,
"CHN","China (People's Republic of)","PPPGDP","Purchasing Power Parities for GDP","CD","National currency per US dollar","2012","2012","CNY","Yuan Renminbi","0","Units",,,3.524471,,
"CHN","China (People's Republic of)","PPPGDP","Purchasing Power Parities for GDP","CD","National currency per US dollar","2013","2013","CNY","Yuan Renminbi","0","Units",,,3.545448,,
"CHN","China (People's Republic of)","PPPGDP","Purchasing Power Parities for GDP","CD","National currency per US dollar","2014","2014","CNY","Yuan Renminbi","0","Units",,,3.516636,,
"CHN","China (People's Republic of)","PPPGDP","Purchasing Power Parities for GDP","CD","National currency per US dollar","2015","2015","CNY","Yuan Renminbi","0","Units",,,3.465969,,
"CHN","China (People's Republic of)","PPPGDP","Purchasing Power Parities for GDP","CD","National currency per US dollar","2016","2016","CNY","Yuan Renminbi","0","Units",,,3.501,,
"JPN","Japan","PPPGDP","Purchasing Power Parities for GDP","CD","National currency per US dollar","1999","1999","JPY","Yen","0","Units",,,162.03574,,
"JPN","Japan","PPPGDP","Purchasing Power Parities for GDP","CD","National currency per US dollar","2000","2000","JPY","Yen","0","Units",,,154.968931,,
"JPN","Japan","PPPGDP","Purchasing Power Parities for GDP","CD","National currency per US dollar","2001","2001","JPY","Yen","0","Units",,,149.701073,,
"JPN","Japan","PPPGDP","Purchasing Power Parities for GDP","CD","National currency per US dollar","2002","2002","JPY","Yen","0","Units",,,143.774205,,
"JPN","Japan","PPPGDP","Purchasing Power Parities for GDP","CD","National currency per US dollar","2003","2003","JPY","Yen","0","Units",,,139.790404,,
"JPN","Japan","PPPGDP","Purchasing Power Parities for GDP","CD","National currency per US dollar","2004","2004","JPY","Yen","0","Units",,,134.209401,,
"JPN","Japan","PPPGDP","Purchasing Power Parities for GDP","CD","National currency per US dollar","2005","2005","JPY","Yen","0","Units",,,129.551955,,
"JPN","Japan","PPPGDP","Purchasing Power Parities for GDP","CD","National currency per US dollar","2006","2006","JPY","Yen","0","Units",,,124.659667,,
"JPN","Japan","PPPGDP","Purchasing Power Parities for GDP","CD","National currency per US dollar","2007","2007","JPY","Yen","0","Units",,,120.297882,,
"JPN","Japan","PPPGDP","Purchasing Power Parities for GDP","CD","National currency per US dollar","2008","2008","JPY","Yen","0","Units",,,116.845814,,
"JPN","Japan","PPPGDP","Purchasing Power Parities for GDP","CD","National currency per US dollar","2009","2009","JPY","Yen","0","Units",,,115.495684,,
"JPN","Japan","PPPGDP","Purchasing Power Parities for GDP","CD","National currency per US dollar","2010","2010","JPY","Yen","0","Units",,,111.636817,,
"JPN","Japan","PPPGDP","Purchasing Power Parities for GDP","CD","National currency per US dollar","2011","2011","JPY","Yen","0","Units",,,107.454281,,
"JPN","Japan","PPPGDP","Purchasing Power Parities for GDP","CD","National currency per US dollar","2012","2012","JPY","Yen","0","Units",,,104.273972,,
"JPN","Japan","PPPGDP","Purchasing Power Parities for GDP","CD","National currency per US dollar","2013","2013","JPY","Yen","0","Units",,,101.302673,,
"JPN","Japan","PPPGDP","Purchasing Power Parities for GDP","CD","National currency per US dollar","2014","2014","JPY","Yen","0","Units",,,102.473002,,
"JPN","Japan","PPPGDP","Purchasing Power Parities for GDP","CD","National currency per US dollar","2015","2015","JPY","Yen","0","Units",,,102.563188,,
"JPN","Japan","PPPGDP","Purchasing Power Parities for GDP","CD","National currency per US dollar","2016","2016","JPY","Yen","0","Units",,,102.036575,,
"SWE","Sweden","PPPGDP","Purchasing Power Parities for GDP","CD","National currency per US dollar","1999","1999","SEK","Swedish Krona","0","Units",,,9.3059,,
"SWE","Sweden","PPPGDP","Purchasing Power Parities for GDP","CD","National currency per US dollar","2000","2000","SEK","Swedish Krona","0","Units",,,9.170035,,
"SWE","Sweden","PPPGDP","Purchasing Power Parities for GDP","CD","National currency per US dollar","2001","2001","SEK","Swedish Krona","0","Units",,,9.378764,,
"SWE","Sweden","PPPGDP","Purchasing Power Parities for GDP","CD","National currency per US dollar","2002","2002","SEK","Swedish Krona","0","Units",,,9.413655,,
"SWE","Sweden","PPPGDP","Purchasing Power Parities for GDP","CD","National currency per US dollar","2003","2003","SEK","Swedish Krona","0","Units",,,9.497066,,
"SWE","Sweden","PPPGDP","Purchasing Power Parities for GDP","CD","National currency per US dollar","2004","2004","SEK","Swedish Krona","0","Units",,,9.296208,,
"SWE","Sweden","PPPGDP","Purchasing Power Parities for GDP","CD","National currency per US dollar","2005","2005","SEK","Swedish Krona","0","Units",,,9.479182,,
"SWE","Sweden","PPPGDP","Purchasing Power Parities for GDP","CD","National currency per US dollar","2006","2006","SEK","Swedish Krona","0","Units",,,9.115678,,
"SWE","Sweden","PPPGDP","Purchasing Power Parities for GDP","CD","National currency per US dollar","2007","2007","SEK","Swedish Krona","0","Units",,,8.884978,,
"SWE","Sweden","PPPGDP","Purchasing Power Parities for GDP","CD","National currency per US dollar","2008","2008","SEK","Swedish Krona","0","Units",,,8.778986,,
"SWE","Sweden","PPPGDP","Purchasing Power Parities for GDP","CD","National currency per US dollar","2009","2009","SEK","Swedish Krona","0","Units",,,8.9098,,
"SWE","Sweden","PPPGDP","Purchasing Power Parities for GDP","CD","National currency per US dollar","2010","2010","SEK","Swedish Krona","0","Units",,,9.007929,,
"SWE","Sweden","PPPGDP","Purchasing Power Parities for GDP","CD","National currency per US dollar","2011","2011","SEK","Swedish Krona","0","Units",,,8.844042,,
"SWE","Sweden","PPPGDP","Purchasing Power Parities for GDP","CD","National currency per US dollar","2012","2012","SEK","Swedish Krona","0","Units",,,8.654768,,
"SWE","Sweden","PPPGDP","Purchasing Power Parities for GDP","CD","National currency per US dollar","2013","2013","SEK","Swedish Krona","0","Units",,,8.597681,,
"SWE","Sweden","PPPGDP","Purchasing Power Parities for GDP","CD","National currency per US dollar","2014","2014","SEK","Swedish Krona","0","Units",,,8.749593,,
"SWE","Sweden","PPPGDP","Purchasing Power Parities for GDP","CD","National currency per US dollar","2015","2015","SEK","Swedish Krona","0","Units",,,8.921982,,
"SWE","Sweden","PPPGDP","Purchasing Power Parities for GDP","CD","National currency per US dollar","2016","2016","SEK","Swedish Krona","0","Units",,,8.984217,,
"NOR","Norway","PPPGDP","Purchasing Power Parities for GDP","CD","National currency per US dollar","1999","1999","NOK","Norwegian Krone","0","Units",,,9.283739,,
"NOR","Norway","PPPGDP","Purchasing Power Parities for GDP","CD","National currency per US dollar","2000","2000","NOK","Norwegian Krone","0","Units",,,9.092291,,
"NOR","Norway","PPPGDP","Purchasing Power Parities for GDP","CD","National currency per US dollar","2001","2001","NOK","Norwegian Krone","0","Units",,,9.152194,,
"NOR","Norway","PPPGDP","Purchasing Power Parities for GDP","CD","National currency per US dollar","2002","2002","NOK","Norwegian Krone","0","Units",,,9.05673,,
"NOR","Norway","PPPGDP","Purchasing Power Parities for GDP","CD","National currency per US dollar","2003","2003","NOK","Norwegian Krone","0","Units",,,9.208231,,
"NOR","Norway","PPPGDP","Purchasing Power Parities for GDP","CD","National currency per US dollar","2004","2004","NOK","Norwegian Krone","0","Units",,,9.127522,,
"NOR","Norway","PPPGDP","Purchasing Power Parities for GDP","CD","National currency per US dollar","2005","2005","NOK","Norwegian Krone","0","Units",,,9.005204,,
"NOR","Norway","PPPGDP","Purchasing Power Parities for GDP","CD","National currency per US dollar","2006","2006","NOK","Norwegian Krone","0","Units",,,8.784181,,
"NOR","Norway","PPPGDP","Purchasing Power Parities for GDP","CD","National currency per US dollar","2007","2007","NOK","Norwegian Krone","0","Units",,,8.93508,,
"NOR","Norway","PPPGDP","Purchasing Power Parities for GDP","CD","National currency per US dollar","2008","2008","NOK","Norwegian Krone","0","Units",,,8.859281,,
"NOR","Norway","PPPGDP","Purchasing Power Parities for GDP","CD","National currency per US dollar","2009","2009","NOK","Norwegian Krone","0","Units",,,9.072771,,
"NOR","Norway","PPPGDP","Purchasing Power Parities for GDP","CD","National currency per US dollar","2010","2010","NOK","Norwegian Krone","0","Units",,,9.1343,,
"NOR","Norway","PPPGDP","Purchasing Power Parities for GDP","CD","National currency per US dollar","2011","2011","NOK","Norwegian Krone","0","Units",,,9.082736,,
"NOR","Norway","PPPGDP","Purchasing Power Parities for GDP","CD","National currency per US dollar","2012","2012","NOK","Norwegian Krone","0","Units",,,9.037085,,
"NOR","Norway","PPPGDP","Purchasing Power Parities for GDP","CD","National currency per US dollar","2013","2013","NOK","Norwegian Krone","0","Units",,,9.029349,,
"NOR","Norway","PPPGDP","Purchasing Power Parities for GDP","CD","National currency per US dollar","2014","2014","NOK","Norwegian Krone","0","Units",,,9.31067,,
"NOR","Norway","PPPGDP","Purchasing Power Parities for GDP","CD","National currency per US dollar","2015","2015","NOK","Norwegian Krone","0","Units",,,9.682379,,
"NOR","Norway","PPPGDP","Purchasing Power Parities for GDP","CD","National currency per US dollar","2016","2016","NOK","Norwegian Krone","0","Units",,,10.03049,,
"GBR","United Kingdom","PPPGDP","Purchasing Power Parities for GDP","CD","National currency per US dollar","1999","1999","GBP","Pound Sterling","0","Units",,,0.725819,,
"GBR","United Kingdom","PPPGDP","Purchasing Power Parities for GDP","CD","National currency per US dollar","2000","2000","GBP","Pound Sterling","0","Units",,,0.705057,,
"GBR","United Kingdom","PPPGDP","Purchasing Power Parities for GDP","CD","National currency per US dollar","2001","2001","GBP","Pound Sterling","0","Units",,,0.692802,,
"GBR","United Kingdom","PPPGDP","Purchasing Power Parities for GDP","CD","National currency per US dollar","2002","2002","GBP","Pound Sterling","0","Units",,,0.689877,,
"GBR","United Kingdom","PPPGDP","Purchasing Power Parities for GDP","CD","National currency per US dollar","2003","2003","GBP","Pound Sterling","0","Units",,,0.696691,,
"GBR","United Kingdom","PPPGDP","Purchasing Power Parities for GDP","CD","National currency per US dollar","2004","2004","GBP","Pound Sterling","0","Units",,,0.68798,,
"GBR","United Kingdom","PPPGDP","Purchasing Power Parities for GDP","CD","National currency per US dollar","2005","2005","GBP","Pound Sterling","0","Units",,,0.707619,,
"GBR","United Kingdom","PPPGDP","Purchasing Power Parities for GDP","CD","National currency per US dollar","2006","2006","GBP","Pound Sterling","0","Units",,,0.69681,,
"GBR","United Kingdom","PPPGDP","Purchasing Power Parities for GDP","CD","National currency per US dollar","2007","2007","GBP","Pound Sterling","0","Units",,,0.710203,,
"GBR","United Kingdom","PPPGDP","Purchasing Power Parities for GDP","CD","National currency per US dollar","2008","2008","GBP","Pound Sterling","0","Units",,,0.701691,,
"GBR","United Kingdom","PPPGDP","Purchasing Power Parities for GDP","CD","National currency per US dollar","2009","2009","GBP","Pound Sterling","0","Units",,,0.709203,,
"GBR","United Kingdom","PPPGDP","Purchasing Power Parities for GDP","CD","National currency per US dollar","2010","2010","GBP","Pound Sterling","0","Units",,,0.700944,,
"GBR","United Kingdom","PPPGDP","Purchasing Power Parities for GDP","CD","National currency per US dollar","2011","2011","GBP","Pound Sterling","0","Units",,,0.706052,,
"GBR","United Kingdom","PPPGDP","Purchasing Power Parities for GDP","CD","National currency per US dollar","2012","2012","GBP","Pound Sterling","0","Units",,,0.701634,,
"GBR","United Kingdom","PPPGDP","Purchasing Power Parities for GDP","CD","National currency per US dollar","2013","2013","GBP","Pound Sterling","0","Units",,,0.695248,,
"GBR","United Kingdom","PPPGDP","Purchasing Power Parities for GDP","CD","National currency per US dollar","2014","2014","GBP","Pound Sterling","0","Units",,,0.692866,,
"GBR","United Kingdom","PPPGDP","Purchasing Power Parities for GDP","CD","National currency per US dollar","2015","2015","GBP","Pound Sterling","0","Units",,,0.688433,,
"GBR","United Kingdom","PPPGDP","Purchasing Power Parities for GDP","CD","National currency per US dollar","2016","2016","GBP","Pound Sterling","0","Units",,,0.693537,,
"EA19","Euro area (19 countries)","PPPGDP","Purchasing Power Parities for GDP","CD","National currency per US dollar","1999","1999","EUR","Euro","0","Units",,,0.874322,,
"EA19","Euro area (19 countries)","PPPGDP","Purchasing Power Parities for GDP","CD","National currency per US dollar","2000","2000","EUR","Euro","0","Units",,,0.864421,,
"EA19","Euro area (19 countries)","PPPGDP","Purchasing Power Parities for GDP","CD","National currency per US dollar","2001","2001","EUR","Euro","0","Units",,,0.858416,,
"EA19","Euro area (19 countries)","PPPGDP","Purchasing Power Parities for GDP","CD","National currency per US dollar","2002","2002","EUR","Euro","0","Units",,,0.852113,,
"EA19","Euro area (19 countries)","PPPGDP","Purchasing Power Parities for GDP","CD","National currency per US dollar","2003","2003","EUR","Euro","0","Units",,,0.858922,,
"EA19","Euro area (19 countries)","PPPGDP","Purchasing Power Parities for GDP","CD","National currency per US dollar","2004","2004","EUR","Euro","0","Units",,,0.856227,,
"EA19","Euro area (19 countries)","PPPGDP","Purchasing Power Parities for GDP","CD","National currency per US dollar","2005","2005","EUR","Euro","0","Units",,,0.852735,,
"EA19","Euro area (19 countries)","PPPGDP","Purchasing Power Parities for GDP","CD","National currency per US dollar","2006","2006","EUR","Euro","0","Units",,,0.826718,,
"EA19","Euro area (19 countries)","PPPGDP","Purchasing Power Parities for GDP","CD","National currency per US dollar","2007","2007","EUR","Euro","0","Units",,,0.821299,,
"EA19","Euro area (19 countries)","PPPGDP","Purchasing Power Parities for GDP","CD","National currency per US dollar","2008","2008","EUR","Euro","0","Units",,,0.806135,,
"EA19","Euro area (19 countries)","PPPGDP","Purchasing Power Parities for GDP","CD","National currency per US dollar","2009","2009","EUR","Euro","0","Units",,,0.793954,,
"EA19","Euro area (19 countries)","PPPGDP","Purchasing Power Parities for GDP","CD","National currency per US dollar","2010","2010","EUR","Euro","0","Units",,,0.791409,,
"EA19","Euro area (19 countries)","PPPGDP","Purchasing Power Parities for GDP","CD","National currency per US dollar","2011","2011","EUR","Euro","0","Units",,,0.78039,,
"EA19","Euro area (19 countries)","PPPGDP","Purchasing Power Parities for GDP","CD","National currency per US dollar","2012","2012","EUR","Euro","0","Units",,,0.774054,,
"EA19","Euro area (19 countries)","PPPGDP","Purchasing Power Parities for GDP","CD","National currency per US dollar","2013","2013","EUR","Euro","0","Units",,,0.755454,,
"EA19","Euro area (19 countries)","PPPGDP","Purchasing Power Parities for GDP","CD","National currency per US dollar","2014","2014","EUR","Euro","0","Units",,,0.749644,,
"EA19","Euro area (19 countries)","PPPGDP","Purchasing Power Parities for GDP","CD","National currency per US dollar","2015","2015","EUR","Euro","0","Units",,,0.750113,,
"EA19","Euro area (19 countries)","PPPGDP","Purchasing Power Parities for GDP","CD","National currency per US dollar","2016","2016","EUR","Euro","0","Units",,,0.750542,,
"ARG","Argentina","PPPGDP","Purchasing Power Parities for GDP","CD","National currency per US dollar","1999","1999","ARS","Argentine Peso","0","Units",,,0.712,,
"ARG","Argentina","PPPGDP","Purchasing Power Parities for GDP","CD","National currency per US dollar","2000","2000","ARS","Argentine Peso","0","Units",,,0.704,,
"ARG","Argentina","PPPGDP","Purchasing Power Parities for GDP","CD","National currency per US dollar","2001","2001","ARS","Argentine Peso","0","Units",,,0.681,,
"ARG","Argentina","PPPGDP","Purchasing Power Parities for GDP","CD","National currency per US dollar","2002","2002","ARS","Argentine Peso","0","Units",,,0.871,,
"ARG","Argentina","PPPGDP","Purchasing Power Parities for GDP","CD","National currency per US dollar","2003","2003","ARS","Argentine Peso","0","Units",,,0.947,,
"ARG","Argentina","PPPGDP","Purchasing Power Parities for GDP","CD","National currency per US dollar","2004","2004","ARS","Argentine Peso","0","Units",,,1.006,,
"ARG","Argentina","PPPGDP","Purchasing Power Parities for GDP","CD","National currency per US dollar","2005","2005","ARS","Argentine Peso","0","Units",,,1.079,,
"ARG","Argentina","PPPGDP","Purchasing Power Parities for GDP","CD","National currency per US dollar","2006","2006","ARS","Argentine Peso","0","Units",,,1.19,,
"ARG","Argentina","PPPGDP","Purchasing Power Parities for GDP","CD","National currency per US dollar","2007","2007","ARS","Argentine Peso","0","Units",,,1.333,,
"ARG","Argentina","PPPGDP","Purchasing Power Parities for GDP","CD","National currency per US dollar","2008","2008","ARS","Argentine Peso","0","Units",,,1.609,,
"ARG","Argentina","PPPGDP","Purchasing Power Parities for GDP","CD","National currency per US dollar","2009","2009","ARS","Argentine Peso","0","Units",,,1.845,,
"ARG","Argentina","PPPGDP","Purchasing Power Parities for GDP","CD","National currency per US dollar","2010","2010","ARS","Argentine Peso","0","Units",,,2.201,,
"ARG","Argentina","PPPGDP","Purchasing Power Parities for GDP","CD","National currency per US dollar","2011","2011","ARS","Argentine Peso","0","Units",,,2.665,,
"ARG","Argentina","PPPGDP","Purchasing Power Parities for GDP","CD","National currency per US dollar","2012","2012","ARS","Argentine Peso","0","Units",,,3.2,,
"ARG","Argentina","PPPGDP","Purchasing Power Parities for GDP","CD","National currency per US dollar","2013","2013","ARS","Argentine Peso","0","Units",,,3.902,,
"ARG","Argentina","PPPGDP","Purchasing Power Parities for GDP","CD","National currency per US dollar","2014","2014","ARS","Argentine Peso","0","Units",,,5.394,,
"ARG","Argentina","PPPGDP","Purchasing Power Parities for GDP","CD","National currency per US dollar","2015","2015","ARS","Argentine Peso","0","Units",,,6.604,,
"ARG","Argentina","PPPGDP","Purchasing Power Parities for GDP","CD","National currency per US dollar","2016","2016","ARS","Argentine Peso","0","Units",,,9.217,,
